Area,Raised,Raised_Pits,Flat_Pits
4513.0,0.0,0.0,0.0
4727.0,0.0,0.0,0.0
7602.0,0.0,0.0,0.0
127.0,0.0,0.0,0.0
2800.0,0.0,0.0,0.0
5256.0,0.0,0.0,0.0
8431.0,0.0,0.0,0.0
502.0,0.0,0.0,0.0
1631.0,0.0,0.0,0.0
3442.0,0.0,0.0,0.0
4210.0,0.0,0.0,0.0
1636.0,0.0,0.0,0.0
4343.0,0.0,0.0,0.0
7607.0,0.0,0.0,0.0
1383.0,0.0,0.0,0.0
46665.0,0.0,0.0,0.0
1700.0,0.0,0.0,0.0
2541.0,0.0,0.0,0.0
7502.0,0.0,0.0,0.0
509.0,0.0,0.0,0.0
402.0,0.0,0.0,0.0
6913.0,0.0,0.0,0.0
890.0,0.0,0.0,0.0
4049.0,0.0,0.0,0.0
9078.0,0.0,0.0,0.0
2000.0,0.0,0.0,0.0
7110.0,0.0,0.0,0.0
11883.0,0.0,0.0,0.0
6808.0,0.0,0.0,0.0
2237.0,0.0,0.0,0.0
4036.0,0.0,0.0,0.0
6582.0,0.0,0.0,0.0
7429.0,0.0,0.0,0.0
6611.0,0.0,0.0,0.0
4781.0,0.0,0.0,0.0
723.0,0.0,0.0,0.0
4946.0,0.0,0.0,0.0
1647.0,0.0,0.0,0.0
1445.0,0.0,0.0,0.0
1102.0,0.0,0.0,0.0
1.0,0.0,0.0,0.0
1.0,0.0,0.0,0.0
1732.0,0.0,0.0,0.0
1725.0,0.0,0.0,0.0
8229.0,0.0,0.0,0.0
3106.0,0.0,0.0,0.0
5260.0,0.0,0.0,0.0
26198.0,0.0,0.0,0.0
6614.0,0.0,0.0,0.0
4283.0,0.0,0.0,0.0
4443.0,0.0,0.0,0.0
1969.0,0.0,0.0,0.0
1636.0,0.0,0.0,0.0
2553.0,0.0,0.0,0.0
2548.0,0.0,0.0,0.0
3536.0,0.0,0.0,0.0
1547.0,0.0,0.0,0.0
3312.0,0.0,0.0,0.0
11884.0,0.0,0.0,0.0
5949.0,0.0,0.0,0.0
1565.0,0.0,0.0,0.0
5021.0,0.0,0.0,0.0
1576.0,0.0,0.0,0.0
2717.0,0.0,0.0,0.0
2529.0,0.0,0.0,0.0
2179.0,0.0,0.0,0.0
2222.0,0.0,0.0,0.0
17820.0,0.0,0.0,0.0
5951.0,0.0,0.0,0.0
2049.0,0.0,0.0,0.0
861.0,0.0,0.0,0.0
11700.0,0.0,0.0,0.0
8218.0,0.0,0.0,0.0
3198.0,0.0,0.0,0.0
3376.0,0.0,0.0,0.0
1555.0,0.0,0.0,0.0
1642.0,0.0,0.0,0.0
892.0,0.0,0.0,0.0
889.0,0.0,0.0,0.0
5709.0,0.0,0.0,0.0
3644.0,0.0,0.0,0.0
4220.0,0.0,0.0,0.0
5884.0,0.0,0.0,0.0
6676.0,0.0,0.0,0.0
3219.0,0.0,0.0,0.0
12003.0,0.0,0.0,0.0
1633.0,0.0,0.0,0.0
2437.0,0.0,0.0,0.0
12161.0,0.0,0.0,0.0
874.0,0.0,0.0,0.0
7032.0,0.0,0.0,0.0
865.0,0.0,0.0,0.0
4857.0,0.0,0.0,0.0
11240.0,0.0,0.0,0.0
3118.0,0.0,0.0,0.0
1660.0,0.0,0.0,0.0
4473.0,0.0,0.0,0.0
2659.0,0.0,0.0,0.0
1941.0,0.0,0.0,0.0
867.0,0.0,0.0,0.0
4558.0,0.0,0.0,0.0
875.0,0.0,0.0,0.0
4677.0,0.0,0.0,0.0
5627.0,0.0,0.0,0.0
865.0,0.0,0.0,0.0
8342.0,0.0,0.0,0.0
3922.0,0.0,0.0,0.0
6092.0,0.0,0.0,0.0
1421.0,0.0,0.0,0.0
7156.0,0.0,0.0,0.0
6664.0,0.0,0.0,0.0
2018.0,0.0,0.0,0.0
8277.0,0.0,0.0,0.0
1547.0,0.0,0.0,0.0
2305.0,0.0,0.0,0.0
1564.0,0.0,0.0,0.0
3914.0,0.0,0.0,0.0
890.0,0.0,0.0,0.0
3010.0,0.0,0.0,0.0
2170.0,0.0,0.0,0.0
1911.0,0.0,0.0,0.0
4204.0,0.0,0.0,0.0
2874.0,0.0,0.0,0.0
1590.0,0.0,0.0,0.0
2843.0,0.0,0.0,0.0
1551.0,0.0,0.0,0.0
871.0,0.0,0.0,0.0
2972.0,0.0,0.0,0.0
11809.0,0.0,0.0,0.0
2922.0,0.0,0.0,0.0
1560.0,0.0,0.0,0.0
3076.0,0.0,0.0,0.0
4769.0,0.0,0.0,0.0
3179.0,0.0,0.0,0.0
3000.0,0.0,0.0,0.0
3306.0,0.0,0.0,0.0
1566.0,0.0,0.0,0.0
2993.0,0.0,0.0,0.0
6100.0,0.0,0.0,0.0
3879.0,0.0,0.0,0.0
1576.0,0.0,0.0,0.0
8005.0,0.0,0.0,0.0
3203.0,0.0,0.0,0.0
5762.0,0.0,0.0,0.0
5449.0,0.0,0.0,0.0
5296.0,0.0,0.0,0.0
1572.0,0.0,0.0,0.0
1560.0,255.0,0.0,0.0
10484.0,0.0,0.0,0.0
874.0,0.0,0.0,0.0
1343.0,0.0,0.0,0.0
2519.0,0.0,0.0,0.0
3265.0,0.0,0.0,0.0
1569.0,0.0,0.0,0.0
1566.0,0.0,0.0,0.0
1949.0,0.0,0.0,0.0
3544.0,0.0,0.0,0.0
5051.0,0.0,0.0,0.0
2556.0,0.0,0.0,0.0
6190.0,0.0,0.0,0.0
2177.0,0.0,0.0,0.0
7663.0,0.0,0.0,0.0
5928.0,0.0,0.0,0.0
1591.0,0.0,0.0,0.0
5645.0,0.0,0.0,0.0
31762.0,0.0,0.0,0.0
8035.0,0.0,0.0,0.0
8185.0,0.0,0.0,0.0
4837.0,0.0,0.0,0.0
3885.0,0.0,0.0,0.0
5161.0,0.0,0.0,0.0
3251.0,0.0,0.0,0.0
4825.0,0.0,0.0,0.0
2753.0,0.0,0.0,0.0
1568.0,0.0,0.0,0.0
3126.0,0.0,0.0,0.0
1565.0,0.0,0.0,0.0
6229.0,0.0,0.0,0.0
871.0,0.0,0.0,0.0
6553.0,0.0,0.0,0.0
1564.0,0.0,0.0,0.0
1970.0,0.0,0.0,0.0
7897.0,0.0,0.0,0.0
2013.0,0.0,0.0,0.0
9624.0,0.0,0.0,0.0
2292.0,0.0,0.0,0.0
7257.0,0.0,0.0,0.0
7482.0,0.0,0.0,0.0
2233.0,0.0,0.0,0.0
7256.0,0.0,0.0,0.0
9346.0,255.0,0.0,0.0
2593.0,0.0,0.0,0.0
3385.0,0.0,0.0,0.0
871.0,0.0,0.0,0.0
6810.0,0.0,0.0,0.0
1573.0,255.0,0.0,0.0
3031.0,0.0,0.0,0.0
2218.0,0.0,0.0,0.0
867.0,0.0,0.0,0.0
1726.0,0.0,0.0,0.0
6466.0,0.0,0.0,0.0
2504.0,0.0,0.0,0.0
5138.0,0.0,0.0,0.0
2135.0,0.0,0.0,0.0
2011.0,0.0,0.0,0.0
3441.0,0.0,0.0,0.0
1549.0,0.0,0.0,0.0
1566.0,0.0,0.0,0.0
2944.0,0.0,0.0,0.0
7737.0,0.0,0.0,0.0
9880.0,0.0,0.0,0.0
3176.0,0.0,0.0,0.0
14752.0,0.0,255.0,0.0
4294.0,0.0,0.0,0.0
3625.0,0.0,0.0,0.0
2346.0,0.0,0.0,0.0
11095.0,0.0,0.0,0.0
1555.0,0.0,0.0,0.0
1564.0,0.0,0.0,0.0
5602.0,0.0,0.0,0.0
5471.0,0.0,0.0,0.0
1949.0,0.0,0.0,0.0
3908.0,0.0,0.0,0.0
3965.0,0.0,0.0,0.0
5055.0,0.0,0.0,0.0
1564.0,0.0,0.0,0.0
890.0,0.0,0.0,0.0
11438.0,0.0,0.0,0.0
1870.0,0.0,0.0,0.0
2092.0,0.0,0.0,0.0
1565.0,0.0,0.0,0.0
4749.0,0.0,0.0,0.0
3514.0,0.0,0.0,0.0
4139.0,0.0,0.0,0.0
890.0,0.0,0.0,0.0
1562.0,0.0,0.0,0.0
4599.0,0.0,0.0,0.0
12293.0,0.0,0.0,0.0
8589.0,0.0,0.0,0.0
7119.0,0.0,0.0,0.0
10185.0,0.0,0.0,0.0
7308.0,0.0,0.0,0.0
4391.0,0.0,0.0,0.0
1568.0,0.0,0.0,0.0
2071.0,0.0,0.0,0.0
6045.0,0.0,0.0,0.0
5521.0,0.0,0.0,0.0
5295.0,0.0,0.0,0.0
5902.0,0.0,0.0,0.0
4881.0,0.0,0.0,0.0
11243.0,0.0,0.0,0.0
4780.0,0.0,0.0,0.0
2233.0,0.0,0.0,0.0
4247.0,0.0,0.0,0.0
6636.0,0.0,0.0,0.0
1728.0,0.0,0.0,0.0
7391.0,0.0,0.0,0.0
5345.0,0.0,0.0,0.0
7013.0,0.0,0.0,0.0
1730.0,0.0,0.0,0.0
13076.0,0.0,0.0,0.0
5276.0,0.0,0.0,0.0
1325.0,0.0,0.0,0.0
7829.0,0.0,0.0,0.0
4900.0,0.0,0.0,0.0
3222.0,0.0,0.0,0.0
3782.0,0.0,0.0,0.0
5599.0,0.0,0.0,0.0
3679.0,0.0,0.0,0.0
6008.0,0.0,0.0,0.0
862.0,0.0,0.0,0.0
1579.0,0.0,0.0,0.0
1564.0,0.0,0.0,0.0
1566.0,0.0,0.0,0.0
4726.0,0.0,0.0,0.0
6313.0,0.0,0.0,0.0
867.0,0.0,0.0,0.0
2435.0,0.0,0.0,0.0
864.0,0.0,0.0,0.0
4422.0,0.0,0.0,0.0
14339.0,0.0,0.0,0.0
2836.0,0.0,0.0,0.0
16439.0,0.0,0.0,0.0
4229.0,0.0,0.0,0.0
1856.0,0.0,0.0,0.0
4893.0,0.0,0.0,0.0
2846.0,0.0,0.0,0.0
3739.0,0.0,0.0,0.0
874.0,0.0,0.0,0.0
10530.0,0.0,0.0,0.0
1496.0,0.0,0.0,0.0
1562.0,0.0,0.0,0.0
3249.0,0.0,0.0,0.0
2614.0,0.0,0.0,0.0
2997.0,0.0,0.0,0.0
6739.0,0.0,0.0,0.0
2690.0,0.0,0.0,0.0
889.0,0.0,0.0,0.0
881.0,0.0,0.0,0.0
3729.0,0.0,0.0,0.0
2231.0,0.0,0.0,0.0
1569.0,0.0,0.0,0.0
2430.0,0.0,0.0,0.0
3404.0,0.0,0.0,0.0
2015.0,0.0,0.0,0.0
5605.0,0.0,0.0,0.0
5717.0,0.0,0.0,0.0
6939.0,0.0,0.0,0.0
2546.0,0.0,0.0,0.0
13166.0,0.0,0.0,0.0
1564.0,0.0,0.0,0.0
3657.0,0.0,0.0,0.0
4065.0,0.0,0.0,0.0
10826.0,0.0,0.0,0.0
13485.0,0.0,0.0,0.0
1569.0,0.0,0.0,0.0
4389.0,0.0,0.0,0.0
4449.0,0.0,0.0,0.0
4833.0,0.0,0.0,0.0
1570.0,0.0,0.0,0.0
2316.0,0.0,0.0,0.0
23132.0,0.0,0.0,0.0
2393.0,0.0,0.0,0.0
4366.0,0.0,0.0,0.0
4085.0,0.0,0.0,0.0
2246.0,0.0,0.0,0.0
1562.0,0.0,0.0,0.0
2306.0,0.0,0.0,0.0
1800.0,0.0,0.0,0.0
4188.0,0.0,0.0,0.0
3219.0,0.0,0.0,0.0
6175.0,0.0,0.0,0.0
11273.0,0.0,0.0,0.0
2807.0,0.0,0.0,0.0
3222.0,0.0,0.0,0.0
11189.0,0.0,0.0,0.0
8281.0,0.0,0.0,0.0
3344.0,0.0,0.0,0.0
1566.0,0.0,0.0,0.0
6922.0,0.0,0.0,0.0
7662.0,0.0,0.0,0.0
4798.0,0.0,0.0,0.0
1862.0,0.0,0.0,0.0
3131.0,0.0,0.0,0.0
6488.0,0.0,0.0,0.0
2348.0,0.0,0.0,0.0
3957.0,0.0,0.0,0.0
1344.0,0.0,0.0,0.0
5583.0,0.0,0.0,0.0
4896.0,0.0,0.0,0.0
5572.0,0.0,0.0,0.0
3473.0,0.0,0.0,0.0
2609.0,0.0,0.0,0.0
2493.0,0.0,0.0,0.0
4192.0,0.0,0.0,0.0
6439.0,0.0,0.0,0.0
2809.0,0.0,0.0,0.0
3738.0,0.0,0.0,0.0
2654.0,0.0,0.0,0.0
2702.0,0.0,0.0,0.0
4095.0,0.0,0.0,0.0
1568.0,0.0,0.0,0.0
5408.0,0.0,0.0,0.0
5274.0,0.0,0.0,0.0
4626.0,0.0,0.0,0.0
13621.0,0.0,0.0,0.0
4668.0,0.0,0.0,0.0
2861.0,0.0,0.0,0.0
2423.0,0.0,0.0,0.0
5861.0,0.0,0.0,0.0
2092.0,0.0,0.0,0.0
1945.0,0.0,0.0,0.0
2153.0,0.0,0.0,0.0
2495.0,0.0,0.0,0.0
1555.0,0.0,0.0,0.0
4172.0,0.0,0.0,0.0
3097.0,0.0,0.0,0.0
1847.0,0.0,0.0,0.0
9384.0,0.0,0.0,0.0
2665.0,0.0,0.0,0.0
7035.0,0.0,0.0,0.0
3163.0,0.0,0.0,0.0
2818.0,0.0,0.0,0.0
4664.0,0.0,0.0,0.0
10504.0,0.0,0.0,0.0
4354.0,0.0,0.0,0.0
4616.0,0.0,0.0,0.0
2413.0,0.0,0.0,0.0
12418.0,0.0,0.0,0.0
1008.0,0.0,0.0,0.0
4739.0,0.0,0.0,0.0
2857.0,0.0,0.0,0.0
2868.0,0.0,0.0,0.0
5347.0,0.0,0.0,0.0
1321.0,0.0,0.0,0.0
2953.0,0.0,0.0,0.0
1564.0,0.0,0.0,0.0
2884.0,0.0,0.0,0.0
1549.0,0.0,0.0,0.0
3781.0,0.0,0.0,0.0
4290.0,0.0,0.0,0.0
4066.0,0.0,0.0,0.0
5560.0,0.0,0.0,0.0
1899.0,0.0,0.0,0.0
1948.0,0.0,0.0,0.0
2066.0,0.0,0.0,0.0
3484.0,0.0,0.0,0.0
4096.0,0.0,0.0,0.0
1700.0,0.0,0.0,0.0
399.0,0.0,0.0,0.0
4182.0,0.0,0.0,0.0
1728.0,0.0,0.0,0.0
2300.0,0.0,0.0,0.0
1707.0,0.0,0.0,0.0
2497.0,0.0,0.0,0.0
8798.0,0.0,0.0,0.0
2012.0,0.0,0.0,0.0
867.0,0.0,0.0,0.0
2171.0,0.0,0.0,0.0
2777.0,0.0,0.0,0.0
6382.0,0.0,0.0,0.0
889.0,0.0,0.0,0.0
5000.0,0.0,0.0,0.0
8655.0,0.0,0.0,0.0
5504.0,0.0,0.0,0.0
4249.0,0.0,0.0,0.0
4060.0,0.0,0.0,0.0
6993.0,0.0,0.0,0.0
11679.0,0.0,0.0,0.0
2643.0,0.0,0.0,0.0
2273.0,0.0,0.0,0.0
3926.0,0.0,0.0,0.0
16905.0,0.0,0.0,0.0
6300.0,0.0,0.0,0.0
2432.0,0.0,0.0,0.0
4701.0,0.0,0.0,0.0
4125.0,0.0,0.0,0.0
1547.0,0.0,0.0,0.0
1564.0,0.0,0.0,0.0
6848.0,0.0,0.0,0.0
2890.0,0.0,0.0,0.0
3041.0,0.0,0.0,0.0
876.0,0.0,0.0,0.0
15793.0,0.0,0.0,0.0
5429.0,0.0,0.0,0.0
3292.0,0.0,0.0,0.0
4009.0,0.0,0.0,0.0
3159.0,0.0,0.0,0.0
6591.0,0.0,0.0,0.0
3327.0,0.0,0.0,0.0
5566.0,0.0,0.0,0.0
3460.0,0.0,0.0,0.0
4575.0,0.0,0.0,0.0
1566.0,0.0,0.0,0.0
3179.0,0.0,0.0,0.0
3387.0,0.0,0.0,0.0
11982.0,0.0,0.0,0.0
2292.0,0.0,0.0,0.0
860.0,0.0,0.0,0.0
3498.0,0.0,0.0,0.0
10545.0,0.0,0.0,0.0
1562.0,0.0,0.0,0.0
2820.0,0.0,0.0,0.0
3816.0,0.0,0.0,0.0
6816.0,0.0,0.0,0.0
4058.0,0.0,0.0,0.0
4463.0,0.0,0.0,0.0
2442.0,0.0,0.0,0.0
1572.0,0.0,0.0,0.0
7745.0,0.0,0.0,0.0
7579.0,0.0,0.0,0.0
1569.0,0.0,0.0,0.0
868.0,0.0,0.0,0.0
1549.0,0.0,0.0,0.0
2499.0,0.0,0.0,0.0
1563.0,0.0,0.0,0.0
6835.0,0.0,0.0,0.0
1749.0,0.0,0.0,0.0
2466.0,0.0,0.0,0.0
7586.0,0.0,0.0,0.0
8464.0,0.0,0.0,0.0
1855.0,0.0,0.0,0.0
4553.0,0.0,0.0,0.0
3713.0,0.0,0.0,0.0
4084.0,0.0,0.0,0.0
4140.0,0.0,0.0,0.0
6794.0,0.0,0.0,0.0
1560.0,0.0,0.0,0.0
9460.0,0.0,0.0,0.0
6911.0,0.0,0.0,0.0
2408.0,0.0,0.0,0.0
1562.0,0.0,0.0,0.0
2928.0,0.0,0.0,0.0
6888.0,0.0,0.0,0.0
3178.0,0.0,0.0,0.0
2722.0,0.0,0.0,0.0
5547.0,0.0,0.0,0.0
6145.0,0.0,0.0,0.0
1241.0,0.0,0.0,0.0
4333.0,0.0,0.0,0.0
860.0,0.0,0.0,0.0
6197.0,0.0,0.0,0.0
2829.0,0.0,0.0,0.0
15694.0,0.0,0.0,0.0
1564.0,0.0,0.0,0.0
6501.0,0.0,0.0,0.0
7178.0,0.0,0.0,0.0
2842.0,0.0,0.0,0.0
4795.0,0.0,0.0,0.0
4662.0,0.0,0.0,0.0
2802.0,0.0,0.0,0.0
860.0,0.0,0.0,0.0
1562.0,0.0,0.0,0.0
889.0,0.0,0.0,0.0
2618.0,0.0,0.0,0.0
6746.0,0.0,0.0,0.0
2822.0,0.0,0.0,0.0
1787.0,0.0,0.0,0.0
1590.0,0.0,0.0,0.0
8639.0,0.0,0.0,0.0
2924.0,0.0,0.0,0.0
2854.0,0.0,0.0,0.0
687.0,0.0,0.0,0.0
2155.0,0.0,0.0,0.0
6005.0,0.0,0.0,0.0
7389.0,0.0,0.0,0.0
8911.0,0.0,0.0,0.0
5065.0,0.0,0.0,0.0
2524.0,0.0,0.0,0.0
4772.0,0.0,0.0,0.0
2270.0,0.0,0.0,0.0
2937.0,0.0,0.0,0.0
4689.0,0.0,0.0,0.0
3073.0,0.0,0.0,0.0
2061.0,0.0,0.0,0.0
138.0,0.0,0.0,0.0
13818.0,0.0,0.0,0.0
717.0,0.0,0.0,0.0
3809.0,0.0,0.0,0.0
14026.0,0.0,0.0,0.0
2293.0,0.0,0.0,0.0
4388.0,0.0,0.0,0.0
2797.0,0.0,0.0,0.0
1562.0,0.0,0.0,0.0
1570.0,0.0,0.0,0.0
6302.0,0.0,0.0,0.0
7744.0,0.0,0.0,0.0
2016.0,0.0,0.0,0.0
8878.0,0.0,0.0,0.0
3548.0,0.0,0.0,0.0
5308.0,0.0,0.0,0.0
5722.0,0.0,0.0,0.0
1561.0,0.0,0.0,0.0
8137.0,0.0,0.0,0.0
4649.0,0.0,0.0,0.0
5346.0,0.0,0.0,0.0
2267.0,0.0,0.0,0.0
2469.0,0.0,0.0,0.0
4737.0,0.0,0.0,0.0
1703.0,0.0,0.0,0.0
4472.0,255.0,0.0,0.0
1931.0,0.0,0.0,0.0
5253.0,0.0,0.0,0.0
6051.0,0.0,0.0,0.0
3564.0,0.0,0.0,0.0
1916.0,0.0,0.0,0.0
3430.0,0.0,0.0,0.0
7178.0,0.0,0.0,0.0
3424.0,0.0,0.0,0.0
4005.0,0.0,0.0,0.0
1569.0,0.0,0.0,0.0
2560.0,0.0,0.0,0.0
1565.0,0.0,0.0,0.0
3254.0,0.0,0.0,0.0
5056.0,0.0,0.0,0.0
4175.0,0.0,0.0,0.0
16656.0,255.0,0.0,0.0
6260.0,0.0,0.0,0.0
5341.0,0.0,0.0,0.0
2960.0,0.0,0.0,0.0
3977.0,0.0,0.0,0.0
3742.0,0.0,0.0,0.0
4385.0,0.0,0.0,0.0
1995.0,0.0,0.0,0.0
1710.0,0.0,0.0,0.0
6786.0,255.0,0.0,0.0
1589.0,0.0,0.0,0.0
1840.0,255.0,0.0,0.0
4538.0,0.0,0.0,0.0
4290.0,0.0,0.0,0.0
1568.0,0.0,0.0,0.0
4941.0,0.0,0.0,0.0
2284.0,0.0,0.0,0.0
1558.0,255.0,0.0,0.0
4330.0,0.0,0.0,0.0
1570.0,0.0,0.0,0.0
6084.0,0.0,0.0,0.0
5622.0,0.0,0.0,0.0
862.0,0.0,0.0,0.0
5787.0,0.0,0.0,0.0
12038.0,0.0,0.0,0.0
17831.0,255.0,0.0,0.0
2282.0,0.0,0.0,0.0
9108.0,0.0,0.0,0.0
2848.0,0.0,0.0,0.0
2568.0,0.0,0.0,0.0
1558.0,255.0,0.0,0.0
6890.0,0.0,0.0,0.0
2925.0,0.0,0.0,0.0
2724.0,0.0,0.0,0.0
5057.0,0.0,0.0,0.0
1090.0,0.0,0.0,0.0
3843.0,0.0,0.0,0.0
1551.0,0.0,0.0,0.0
2998.0,0.0,0.0,0.0
1996.0,0.0,0.0,0.0
3824.0,0.0,0.0,0.0
4338.0,0.0,0.0,0.0
889.0,0.0,0.0,0.0
4596.0,255.0,0.0,0.0
1882.0,0.0,0.0,0.0
3231.0,0.0,0.0,0.0
875.0,0.0,0.0,0.0
5305.0,0.0,0.0,0.0
1560.0,0.0,0.0,0.0
5011.0,0.0,0.0,0.0
892.0,0.0,0.0,0.0
9616.0,0.0,0.0,0.0
890.0,255.0,0.0,0.0
3175.0,0.0,0.0,0.0
3314.0,0.0,0.0,0.0
1998.0,0.0,0.0,0.0
10064.0,0.0,0.0,0.0
3924.0,0.0,0.0,0.0
1560.0,0.0,0.0,0.0
1632.0,0.0,0.0,0.0
2654.0,0.0,0.0,0.0
2954.0,0.0,0.0,0.0
5643.0,0.0,0.0,0.0
2555.0,0.0,0.0,0.0
3377.0,0.0,0.0,0.0
2163.0,255.0,0.0,0.0
10029.0,0.0,0.0,0.0
3135.0,0.0,0.0,0.0
2401.0,0.0,0.0,0.0
1562.0,255.0,0.0,0.0
2670.0,0.0,0.0,0.0
3308.0,0.0,0.0,0.0
8358.0,0.0,0.0,0.0
3845.0,0.0,0.0,0.0
2133.0,0.0,0.0,0.0
4298.0,0.0,0.0,0.0
1562.0,0.0,0.0,0.0
3430.0,0.0,0.0,0.0
2270.0,0.0,0.0,0.0
1322.0,0.0,0.0,0.0
1560.0,255.0,0.0,0.0
2342.0,0.0,0.0,0.0
867.0,0.0,0.0,0.0
9867.0,0.0,0.0,0.0
3697.0,0.0,0.0,0.0
6332.0,0.0,0.0,0.0
3057.0,0.0,0.0,0.0
2594.0,0.0,0.0,0.0
5608.0,0.0,0.0,0.0
1962.0,0.0,0.0,0.0
1333.0,0.0,0.0,0.0
3042.0,0.0,0.0,0.0
3133.0,0.0,0.0,0.0
4334.0,0.0,0.0,0.0
4340.0,0.0,0.0,0.0
3001.0,0.0,0.0,0.0
2454.0,0.0,0.0,0.0
7065.0,0.0,0.0,0.0
1566.0,0.0,0.0,0.0
1555.0,0.0,0.0,0.0
3324.0,0.0,0.0,0.0
6498.0,0.0,0.0,0.0
3125.0,0.0,0.0,0.0
3453.0,0.0,0.0,0.0
1576.0,0.0,0.0,0.0
7487.0,0.0,0.0,0.0
2224.0,0.0,0.0,0.0
9304.0,0.0,0.0,0.0
10528.0,0.0,0.0,0.0
1570.0,0.0,0.0,0.0
5248.0,0.0,0.0,0.0
4196.0,0.0,0.0,0.0
1569.0,0.0,0.0,0.0
3514.0,0.0,0.0,0.0
4439.0,0.0,0.0,0.0
4007.0,0.0,0.0,0.0
1869.0,0.0,0.0,0.0
2578.0,0.0,0.0,0.0
1570.0,0.0,0.0,0.0
2269.0,0.0,0.0,0.0
4275.0,0.0,0.0,0.0
3124.0,0.0,0.0,0.0
1439.0,0.0,0.0,0.0
6807.0,0.0,0.0,0.0
3941.0,0.0,0.0,0.0
1566.0,0.0,0.0,0.0
2972.0,0.0,0.0,0.0
3608.0,0.0,0.0,0.0
3363.0,0.0,0.0,0.0
4035.0,0.0,0.0,0.0
3832.0,0.0,0.0,0.0
1549.0,0.0,0.0,0.0
3086.0,0.0,0.0,0.0
4472.0,0.0,0.0,0.0
3259.0,0.0,0.0,0.0
1551.0,0.0,0.0,0.0
1648.0,0.0,0.0,0.0
2255.0,0.0,0.0,0.0
3488.0,0.0,0.0,0.0
12294.0,0.0,0.0,0.0
1509.0,0.0,0.0,0.0
7867.0,0.0,0.0,0.0
7611.0,0.0,0.0,0.0
3462.0,0.0,0.0,0.0
2280.0,0.0,0.0,0.0
2475.0,0.0,0.0,0.0
2199.0,0.0,0.0,0.0
4804.0,0.0,0.0,0.0
2733.0,0.0,0.0,0.0
6464.0,0.0,0.0,0.0
1580.0,0.0,0.0,0.0
2429.0,0.0,0.0,0.0
3605.0,0.0,0.0,0.0
3457.0,0.0,0.0,0.0
3109.0,0.0,0.0,0.0
2722.0,0.0,0.0,0.0
8416.0,0.0,0.0,0.0
2687.0,0.0,0.0,0.0
2898.0,0.0,0.0,0.0
3656.0,0.0,0.0,0.0
1714.0,0.0,0.0,0.0
3666.0,0.0,0.0,0.0
2366.0,0.0,0.0,0.0
3848.0,0.0,0.0,0.0
4079.0,0.0,0.0,0.0
2584.0,0.0,0.0,0.0
7734.0,0.0,0.0,0.0
2752.0,0.0,0.0,0.0
7016.0,0.0,0.0,0.0
878.0,0.0,0.0,0.0
867.0,0.0,0.0,0.0
5027.0,0.0,0.0,0.0
2962.0,0.0,0.0,0.0
890.0,0.0,0.0,0.0
13960.0,0.0,0.0,0.0
1647.0,0.0,0.0,0.0
4426.0,0.0,0.0,0.0
1868.0,0.0,0.0,0.0
4297.0,0.0,0.0,0.0
1559.0,0.0,0.0,0.0
1590.0,0.0,0.0,0.0
2352.0,0.0,0.0,0.0
6706.0,0.0,0.0,0.0
4763.0,0.0,0.0,0.0
6614.0,0.0,0.0,0.0
2881.0,0.0,0.0,0.0
1568.0,0.0,0.0,0.0
3352.0,0.0,0.0,0.0
6552.0,0.0,0.0,0.0
865.0,0.0,0.0,0.0
3476.0,0.0,0.0,0.0
3534.0,0.0,0.0,0.0
3117.0,0.0,0.0,0.0
4141.0,0.0,0.0,0.0
2526.0,0.0,0.0,0.0
1950.0,0.0,0.0,0.0
3723.0,0.0,0.0,0.0
3595.0,0.0,0.0,0.0
4600.0,0.0,0.0,0.0
2881.0,0.0,0.0,0.0
3247.0,0.0,0.0,0.0
3503.0,0.0,0.0,0.0
1802.0,0.0,0.0,0.0
12781.0,0.0,255.0,0.0
1845.0,0.0,0.0,0.0
1777.0,0.0,0.0,0.0
2286.0,0.0,0.0,0.0
7130.0,0.0,255.0,0.0
1590.0,0.0,0.0,0.0
1996.0,0.0,0.0,0.0
12369.0,0.0,0.0,0.0
9674.0,0.0,0.0,0.0
3643.0,0.0,0.0,0.0
1923.0,0.0,0.0,0.0
3183.0,0.0,0.0,0.0
2616.0,0.0,0.0,0.0
2270.0,0.0,0.0,0.0
2333.0,0.0,0.0,0.0
33767.0,0.0,0.0,0.0
4531.0,0.0,0.0,0.0
3472.0,0.0,0.0,0.0
2679.0,0.0,0.0,0.0
4236.0,0.0,0.0,0.0
3242.0,0.0,0.0,0.0
1566.0,0.0,0.0,0.0
8307.0,0.0,0.0,0.0
1555.0,0.0,0.0,0.0
2616.0,0.0,0.0,0.0
2425.0,0.0,0.0,0.0
1857.0,0.0,0.0,0.0
2837.0,0.0,0.0,0.0
1547.0,0.0,0.0,0.0
2709.0,0.0,0.0,0.0
5834.0,0.0,0.0,0.0
1851.0,0.0,0.0,0.0
2209.0,0.0,0.0,0.0
2925.0,0.0,0.0,0.0
5346.0,0.0,0.0,0.0
1571.0,0.0,0.0,0.0
1565.0,0.0,0.0,0.0
3103.0,0.0,0.0,0.0
1560.0,0.0,0.0,0.0
3187.0,0.0,0.0,0.0
1703.0,0.0,0.0,0.0
2526.0,0.0,0.0,0.0
12014.0,0.0,0.0,0.0
4538.0,0.0,0.0,0.0
1549.0,0.0,0.0,0.0
2524.0,0.0,0.0,0.0
2412.0,0.0,0.0,0.0
1577.0,0.0,0.0,0.0
6002.0,0.0,0.0,0.0
9478.0,0.0,0.0,0.0
2905.0,0.0,0.0,0.0
4707.0,0.0,0.0,0.0
3321.0,0.0,0.0,0.0
5693.0,0.0,0.0,0.0
3449.0,255.0,0.0,0.0
3691.0,0.0,0.0,0.0
868.0,0.0,0.0,0.0
3792.0,0.0,0.0,0.0
5372.0,0.0,0.0,0.0
13096.0,0.0,0.0,0.0
3037.0,255.0,0.0,0.0
2526.0,0.0,0.0,0.0
1844.0,0.0,0.0,0.0
861.0,0.0,0.0,0.0
2601.0,0.0,0.0,0.0
3598.0,0.0,0.0,0.0
2292.0,0.0,0.0,0.0
4911.0,0.0,0.0,0.0
9077.0,0.0,0.0,0.0
13116.0,255.0,0.0,0.0
2361.0,0.0,0.0,0.0
7195.0,255.0,0.0,0.0
3560.0,0.0,0.0,0.0
2413.0,0.0,0.0,0.0
12238.0,0.0,255.0,0.0
1549.0,0.0,0.0,0.0
2864.0,0.0,0.0,0.0
4308.0,0.0,0.0,0.0
2232.0,0.0,0.0,0.0
9389.0,0.0,0.0,0.0
4034.0,0.0,0.0,0.0
1579.0,0.0,0.0,0.0
3170.0,0.0,0.0,0.0
10321.0,0.0,0.0,0.0
2718.0,0.0,0.0,0.0
2841.0,0.0,0.0,0.0
1973.0,0.0,0.0,0.0
4725.0,0.0,0.0,0.0
3810.0,0.0,0.0,0.0
890.0,255.0,0.0,0.0
1573.0,0.0,0.0,0.0
1577.0,0.0,0.0,0.0
11506.0,255.0,0.0,0.0
4479.0,0.0,0.0,0.0
1570.0,0.0,0.0,0.0
5288.0,0.0,0.0,0.0
4876.0,255.0,0.0,0.0
1710.0,0.0,0.0,0.0
2143.0,0.0,0.0,0.0
2163.0,0.0,0.0,0.0
3593.0,0.0,0.0,0.0
1570.0,0.0,0.0,0.0
1571.0,0.0,0.0,0.0
2008.0,0.0,0.0,0.0
2158.0,0.0,0.0,0.0
4106.0,0.0,0.0,0.0
11354.0,0.0,0.0,0.0
3968.0,255.0,0.0,0.0
9748.0,0.0,0.0,0.0
7747.0,255.0,0.0,0.0
3102.0,0.0,0.0,0.0
1579.0,0.0,0.0,0.0
4598.0,0.0,0.0,0.0
5424.0,0.0,0.0,0.0
8942.0,0.0,0.0,0.0
8649.0,0.0,0.0,0.0
1575.0,0.0,0.0,0.0
14341.0,0.0,255.0,0.0
5125.0,0.0,0.0,0.0
5314.0,255.0,0.0,0.0
3609.0,0.0,0.0,0.0
5563.0,0.0,0.0,0.0
3496.0,0.0,0.0,0.0
2144.0,0.0,0.0,0.0
4659.0,0.0,0.0,0.0
3385.0,0.0,0.0,0.0
2163.0,0.0,0.0,0.0
5350.0,0.0,0.0,0.0
1847.0,0.0,0.0,0.0
3359.0,0.0,0.0,0.0
2265.0,0.0,0.0,0.0
1931.0,0.0,0.0,0.0
7909.0,0.0,0.0,0.0
2739.0,0.0,0.0,0.0
1711.0,0.0,0.0,0.0
5145.0,0.0,0.0,0.0
1241.0,0.0,0.0,0.0
2989.0,0.0,0.0,0.0
8200.0,0.0,0.0,0.0
3649.0,0.0,0.0,0.0
2344.0,0.0,0.0,0.0
1863.0,0.0,0.0,0.0
2065.0,255.0,0.0,0.0
3399.0,0.0,0.0,0.0
3903.0,0.0,0.0,0.0
4285.0,0.0,0.0,0.0
3796.0,0.0,0.0,0.0
7360.0,0.0,0.0,0.0
3437.0,0.0,0.0,0.0
5964.0,0.0,0.0,0.0
2324.0,0.0,0.0,0.0
1435.0,0.0,0.0,0.0
3888.0,0.0,0.0,0.0
3499.0,0.0,0.0,0.0
867.0,0.0,0.0,0.0
10647.0,0.0,0.0,0.0
3482.0,0.0,0.0,0.0
1557.0,0.0,0.0,0.0
4092.0,0.0,0.0,0.0
4073.0,0.0,0.0,0.0
3715.0,0.0,0.0,0.0
892.0,0.0,0.0,0.0
4862.0,255.0,0.0,0.0
3009.0,255.0,0.0,0.0
864.0,0.0,0.0,0.0
8796.0,0.0,0.0,0.0
5216.0,0.0,0.0,0.0
8728.0,0.0,0.0,0.0
3344.0,0.0,0.0,0.0
1088.0,255.0,0.0,0.0
2604.0,0.0,0.0,0.0
45899.0,255.0,0.0,0.0
2399.0,0.0,0.0,0.0
2550.0,255.0,0.0,0.0
5583.0,0.0,0.0,0.0
10694.0,255.0,0.0,0.0
9178.0,0.0,0.0,0.0
864.0,255.0,0.0,0.0
14847.0,255.0,0.0,0.0
13297.0,255.0,0.0,0.0
1558.0,0.0,0.0,0.0
4983.0,0.0,0.0,0.0
1570.0,0.0,0.0,0.0
2221.0,0.0,0.0,0.0
4562.0,0.0,0.0,0.0
3905.0,0.0,0.0,0.0
6495.0,0.0,0.0,0.0
1579.0,0.0,0.0,0.0
4725.0,0.0,0.0,0.0
1549.0,0.0,0.0,0.0
876.0,0.0,0.0,0.0
8759.0,255.0,0.0,0.0
1086.0,255.0,0.0,0.0
1270.0,0.0,0.0,0.0
4071.0,0.0,0.0,0.0
1575.0,255.0,0.0,0.0
4112.0,0.0,0.0,0.0
892.0,0.0,0.0,0.0
2454.0,0.0,0.0,0.0
1577.0,0.0,0.0,0.0
4968.0,0.0,0.0,0.0
5947.0,255.0,0.0,0.0
1583.0,0.0,0.0,0.0
15528.0,255.0,0.0,0.0
5197.0,0.0,0.0,0.0
1589.0,0.0,0.0,0.0
5752.0,0.0,0.0,0.0
9956.0,255.0,0.0,0.0
2987.0,255.0,0.0,0.0
2352.0,0.0,0.0,0.0
1570.0,0.0,0.0,0.0
12805.0,255.0,0.0,0.0
3215.0,255.0,0.0,0.0
1563.0,255.0,0.0,0.0
3256.0,0.0,0.0,0.0
6529.0,0.0,0.0,0.0
1573.0,255.0,0.0,0.0
1938.0,0.0,0.0,0.0
11580.0,0.0,0.0,0.0
881.0,0.0,0.0,0.0
4569.0,255.0,0.0,0.0
1642.0,0.0,0.0,0.0
1549.0,0.0,0.0,0.0
3889.0,0.0,0.0,0.0
3959.0,0.0,0.0,0.0
2433.0,0.0,0.0,0.0
6640.0,0.0,0.0,0.0
864.0,0.0,0.0,0.0
13734.0,0.0,0.0,0.0
1558.0,255.0,0.0,0.0
3547.0,0.0,0.0,0.0
5072.0,0.0,0.0,0.0
6940.0,255.0,0.0,0.0
3862.0,0.0,0.0,0.0
2180.0,0.0,0.0,0.0
7705.0,0.0,0.0,0.0
2205.0,255.0,0.0,0.0
3673.0,0.0,0.0,0.0
1948.0,255.0,0.0,0.0
8113.0,255.0,0.0,0.0
5086.0,0.0,0.0,0.0
1867.0,0.0,0.0,0.0
2250.0,0.0,0.0,0.0
3057.0,0.0,0.0,0.0
890.0,0.0,0.0,0.0
3616.0,0.0,0.0,0.0
3111.0,0.0,0.0,0.0
9063.0,0.0,0.0,0.0
1569.0,0.0,0.0,0.0
4366.0,0.0,0.0,0.0
2805.0,0.0,0.0,0.0
2834.0,0.0,0.0,0.0
1562.0,0.0,0.0,0.0
4307.0,0.0,0.0,0.0
2089.0,0.0,0.0,0.0
1563.0,0.0,0.0,0.0
4902.0,0.0,0.0,0.0
7686.0,0.0,0.0,0.0
1705.0,0.0,0.0,0.0
5826.0,0.0,0.0,0.0
3422.0,0.0,0.0,0.0
3758.0,0.0,0.0,0.0
2852.0,0.0,0.0,0.0
4905.0,0.0,0.0,0.0
2897.0,0.0,0.0,0.0
2312.0,0.0,0.0,0.0
4579.0,0.0,0.0,0.0
5346.0,0.0,0.0,0.0
4536.0,0.0,0.0,0.0
4125.0,0.0,0.0,0.0
865.0,0.0,0.0,0.0
5192.0,0.0,0.0,0.0
3886.0,0.0,0.0,0.0
3083.0,0.0,0.0,0.0
2448.0,0.0,0.0,0.0
1708.0,0.0,0.0,0.0
5742.0,0.0,0.0,0.0
2306.0,0.0,0.0,0.0
2799.0,0.0,0.0,0.0
4031.0,0.0,0.0,0.0
2885.0,0.0,0.0,0.0
8111.0,0.0,0.0,0.0
2747.0,0.0,0.0,0.0
6350.0,0.0,0.0,0.0
892.0,0.0,0.0,0.0
4209.0,0.0,0.0,0.0
3364.0,0.0,0.0,0.0
3326.0,0.0,0.0,0.0
8546.0,0.0,0.0,0.0
15730.0,0.0,0.0,0.0
3304.0,0.0,0.0,0.0
2688.0,0.0,0.0,0.0
3093.0,0.0,0.0,0.0
1555.0,0.0,0.0,0.0
4556.0,0.0,0.0,0.0
8263.0,0.0,0.0,0.0
5371.0,0.0,0.0,0.0
3944.0,0.0,0.0,0.0
1091.0,0.0,0.0,0.0
5201.0,0.0,0.0,0.0
2003.0,255.0,0.0,0.0
8754.0,0.0,0.0,0.0
2891.0,255.0,0.0,0.0
2991.0,0.0,0.0,0.0
8042.0,0.0,0.0,0.0
3101.0,0.0,0.0,0.0
1562.0,0.0,0.0,0.0
7345.0,0.0,0.0,0.0
6287.0,0.0,0.0,0.0
5596.0,0.0,0.0,0.0
5072.0,0.0,0.0,0.0
1566.0,0.0,0.0,0.0
1950.0,0.0,0.0,0.0
3650.0,0.0,0.0,0.0
1560.0,0.0,0.0,0.0
3034.0,0.0,0.0,0.0
4709.0,0.0,0.0,0.0
12872.0,255.0,0.0,0.0
1872.0,0.0,0.0,0.0
1646.0,0.0,0.0,0.0
1566.0,0.0,0.0,0.0
2076.0,0.0,0.0,0.0
2504.0,0.0,0.0,0.0
2401.0,0.0,0.0,0.0
1559.0,255.0,0.0,0.0
1846.0,0.0,0.0,0.0
2505.0,0.0,0.0,0.0
4201.0,255.0,0.0,0.0
4292.0,0.0,0.0,0.0
1555.0,0.0,0.0,0.0
10514.0,0.0,0.0,0.0
3729.0,0.0,0.0,0.0
2035.0,0.0,0.0,0.0
889.0,0.0,0.0,0.0
6876.0,0.0,0.0,0.0
892.0,0.0,0.0,0.0
3142.0,0.0,0.0,0.0
2462.0,0.0,0.0,0.0
1562.0,0.0,0.0,0.0
1501.0,0.0,0.0,0.0
1569.0,0.0,0.0,0.0
3346.0,0.0,0.0,0.0
2332.0,0.0,0.0,0.0
5100.0,0.0,0.0,0.0
4328.0,0.0,0.0,0.0
5891.0,0.0,0.0,0.0
1627.0,0.0,0.0,0.0
5024.0,0.0,0.0,0.0
1855.0,0.0,0.0,0.0
2238.0,255.0,0.0,0.0
1966.0,0.0,0.0,0.0
3865.0,0.0,0.0,0.0
8026.0,0.0,0.0,0.0
9932.0,255.0,0.0,0.0
745.0,0.0,0.0,0.0
5138.0,0.0,0.0,0.0
9509.0,255.0,0.0,0.0
3778.0,0.0,0.0,0.0
871.0,0.0,0.0,0.0
2950.0,0.0,0.0,0.0
860.0,0.0,0.0,0.0
22507.0,255.0,0.0,0.0
3520.0,0.0,0.0,0.0
1648.0,0.0,0.0,0.0
2167.0,255.0,0.0,0.0
1891.0,0.0,0.0,0.0
1561.0,255.0,0.0,0.0
6675.0,0.0,0.0,0.0
3528.0,0.0,0.0,0.0
2668.0,0.0,0.0,0.0
2727.0,0.0,0.0,0.0
5193.0,0.0,0.0,0.0
5424.0,0.0,0.0,0.0
892.0,0.0,0.0,0.0
1576.0,0.0,0.0,0.0
9107.0,0.0,0.0,0.0
2331.0,0.0,0.0,0.0
6504.0,0.0,0.0,0.0
2403.0,0.0,0.0,0.0
3779.0,0.0,0.0,0.0
5297.0,0.0,0.0,0.0
4367.0,0.0,0.0,0.0
2152.0,255.0,0.0,0.0
4178.0,255.0,0.0,0.0
1549.0,0.0,0.0,0.0
10653.0,0.0,0.0,0.0
1657.0,0.0,0.0,0.0
2214.0,255.0,0.0,0.0
5626.0,0.0,0.0,0.0
8403.0,0.0,0.0,0.0
7091.0,255.0,0.0,0.0
8251.0,0.0,0.0,0.0
868.0,255.0,0.0,0.0
1854.0,0.0,0.0,0.0
2470.0,0.0,0.0,0.0
4326.0,0.0,0.0,0.0
3385.0,0.0,0.0,0.0
3114.0,0.0,0.0,0.0
3849.0,0.0,0.0,0.0
2631.0,255.0,0.0,0.0
2002.0,0.0,0.0,0.0
1638.0,0.0,0.0,0.0
1637.0,0.0,0.0,0.0
4085.0,0.0,0.0,0.0
2729.0,0.0,0.0,0.0
3228.0,0.0,0.0,0.0
6766.0,255.0,0.0,0.0
4827.0,0.0,0.0,0.0
7187.0,0.0,255.0,0.0
3867.0,0.0,0.0,0.0
3371.0,255.0,0.0,0.0
3930.0,0.0,0.0,0.0
3764.0,0.0,0.0,0.0
3942.0,0.0,0.0,0.0
3521.0,0.0,0.0,0.0
9257.0,0.0,0.0,0.0
3725.0,0.0,0.0,0.0
1577.0,255.0,0.0,0.0
3856.0,0.0,0.0,0.0
1558.0,255.0,0.0,0.0
1566.0,0.0,0.0,0.0
1876.0,0.0,0.0,0.0
7988.0,255.0,0.0,0.0
3068.0,255.0,0.0,0.0
5484.0,0.0,0.0,0.0
3495.0,0.0,0.0,0.0
1570.0,255.0,0.0,0.0
5531.0,0.0,0.0,0.0
11946.0,255.0,0.0,0.0
12176.0,255.0,0.0,0.0
3645.0,255.0,0.0,0.0
1563.0,0.0,0.0,0.0
3260.0,0.0,0.0,0.0
1718.0,0.0,0.0,0.0
6604.0,255.0,0.0,0.0
1724.0,0.0,0.0,0.0
1550.0,0.0,0.0,0.0
2925.0,0.0,0.0,0.0
1558.0,255.0,0.0,0.0
1634.0,0.0,0.0,0.0
1564.0,0.0,0.0,0.0
1563.0,255.0,0.0,0.0
12980.0,255.0,0.0,0.0
6183.0,0.0,0.0,0.0
1958.0,0.0,0.0,0.0
3163.0,0.0,0.0,0.0
5685.0,255.0,0.0,0.0
5189.0,0.0,0.0,0.0
3807.0,0.0,0.0,0.0
1444.0,0.0,0.0,0.0
1755.0,0.0,0.0,0.0
1579.0,255.0,0.0,0.0
3259.0,0.0,0.0,0.0
2144.0,0.0,0.0,0.0
5792.0,255.0,0.0,0.0
5065.0,0.0,0.0,0.0
3059.0,255.0,0.0,0.0
12473.0,0.0,0.0,0.0
3081.0,0.0,0.0,0.0
3919.0,255.0,0.0,0.0
861.0,0.0,0.0,0.0
1660.0,0.0,0.0,0.0
1072.0,0.0,0.0,0.0
1712.0,255.0,0.0,0.0
3392.0,0.0,0.0,0.0
4883.0,255.0,0.0,0.0
3016.0,0.0,0.0,0.0
4030.0,0.0,0.0,0.0
3250.0,0.0,0.0,0.0
4519.0,0.0,0.0,0.0
76.0,0.0,0.0,0.0
3219.0,0.0,0.0,0.0
2207.0,0.0,0.0,0.0
1999.0,0.0,0.0,0.0
2420.0,0.0,0.0,0.0
1560.0,0.0,0.0,0.0
3949.0,0.0,0.0,0.0
7100.0,0.0,0.0,0.0
7538.0,255.0,0.0,0.0
2293.0,0.0,0.0,0.0
2869.0,0.0,0.0,0.0
1858.0,0.0,0.0,0.0
2850.0,0.0,0.0,0.0
9292.0,0.0,0.0,0.0
2445.0,0.0,0.0,0.0
2368.0,0.0,0.0,0.0
3046.0,0.0,0.0,0.0
12217.0,0.0,0.0,0.0
1878.0,0.0,0.0,0.0
3233.0,0.0,0.0,0.0
1562.0,255.0,0.0,0.0
2503.0,0.0,0.0,0.0
864.0,0.0,0.0,0.0
9376.0,0.0,0.0,0.0
2217.0,0.0,0.0,0.0
1576.0,0.0,0.0,0.0
3776.0,0.0,0.0,0.0
7338.0,0.0,0.0,0.0
860.0,0.0,0.0,0.0
864.0,0.0,0.0,0.0
7239.0,255.0,0.0,0.0
3795.0,0.0,0.0,0.0
8205.0,0.0,0.0,0.0
2270.0,0.0,0.0,0.0
868.0,0.0,0.0,0.0
1849.0,0.0,0.0,0.0
5300.0,0.0,0.0,0.0
145.0,0.0,0.0,0.0
2566.0,0.0,0.0,0.0
3359.0,0.0,0.0,0.0
1555.0,0.0,0.0,0.0
861.0,0.0,0.0,0.0
3513.0,0.0,0.0,0.0
864.0,0.0,0.0,0.0
3030.0,0.0,0.0,0.0
5571.0,0.0,0.0,0.0
3135.0,0.0,0.0,0.0
3114.0,0.0,0.0,0.0
7819.0,0.0,0.0,0.0
1555.0,0.0,0.0,0.0
1893.0,0.0,0.0,0.0
1845.0,0.0,0.0,0.0
2902.0,255.0,0.0,0.0
5696.0,0.0,0.0,0.0
2605.0,0.0,0.0,0.0
3355.0,0.0,0.0,0.0
5096.0,0.0,0.0,0.0
8067.0,255.0,0.0,0.0
4068.0,0.0,0.0,0.0
3978.0,0.0,0.0,0.0
2419.0,0.0,0.0,0.0
5971.0,0.0,0.0,0.0
4194.0,0.0,0.0,0.0
860.0,0.0,0.0,0.0
2772.0,0.0,0.0,0.0
3295.0,0.0,0.0,0.0
2488.0,0.0,0.0,0.0
1562.0,0.0,0.0,0.0
4693.0,0.0,0.0,0.0
4455.0,0.0,0.0,0.0
12319.0,0.0,0.0,0.0
3432.0,0.0,0.0,0.0
4466.0,0.0,0.0,0.0
3125.0,0.0,0.0,0.0
11223.0,0.0,0.0,0.0
2322.0,0.0,0.0,0.0
2905.0,0.0,0.0,0.0
19742.0,0.0,0.0,0.0
1874.0,0.0,0.0,0.0
3691.0,0.0,0.0,0.0
2551.0,0.0,0.0,0.0
2216.0,0.0,0.0,0.0
1566.0,0.0,0.0,0.0
2699.0,0.0,0.0,0.0
1568.0,0.0,0.0,0.0
7177.0,255.0,0.0,0.0
1867.0,0.0,0.0,0.0
6130.0,0.0,0.0,0.0
4629.0,0.0,0.0,0.0
2327.0,0.0,0.0,0.0
1729.0,0.0,0.0,0.0
3581.0,0.0,0.0,0.0
2268.0,0.0,0.0,0.0
3517.0,0.0,0.0,0.0
5408.0,0.0,0.0,0.0
5218.0,0.0,0.0,0.0
2746.0,0.0,0.0,0.0
2322.0,0.0,0.0,0.0
6494.0,0.0,0.0,0.0
4278.0,0.0,0.0,0.0
3623.0,0.0,0.0,0.0
1562.0,0.0,0.0,0.0
8826.0,0.0,0.0,0.0
3088.0,0.0,0.0,0.0
4519.0,0.0,0.0,0.0
1547.0,0.0,0.0,0.0
1953.0,0.0,0.0,0.0
3460.0,0.0,0.0,0.0
4845.0,0.0,0.0,0.0
14330.0,0.0,0.0,0.0
2079.0,0.0,0.0,0.0
2708.0,0.0,0.0,0.0
3787.0,0.0,0.0,0.0
3143.0,0.0,0.0,0.0
1565.0,255.0,0.0,0.0
7721.0,0.0,0.0,0.0
3180.0,0.0,0.0,0.0
4873.0,0.0,0.0,0.0
1583.0,0.0,0.0,0.0
3586.0,255.0,0.0,0.0
2260.0,0.0,0.0,0.0
2253.0,0.0,0.0,0.0
5556.0,0.0,0.0,0.0
2635.0,0.0,0.0,0.0
7424.0,0.0,0.0,0.0
2188.0,0.0,0.0,0.0
6517.0,0.0,0.0,0.0
6301.0,0.0,0.0,0.0
2209.0,0.0,0.0,0.0
2736.0,0.0,0.0,0.0
5950.0,0.0,0.0,0.0
2160.0,0.0,0.0,0.0
1705.0,0.0,0.0,0.0
2987.0,0.0,0.0,0.0
4146.0,0.0,0.0,0.0
2150.0,0.0,0.0,0.0
4479.0,0.0,0.0,0.0
5996.0,0.0,0.0,0.0
1576.0,255.0,0.0,0.0
3058.0,0.0,0.0,0.0
7595.0,0.0,0.0,0.0
3264.0,0.0,0.0,0.0
4585.0,0.0,0.0,0.0
1570.0,0.0,0.0,0.0
3661.0,255.0,0.0,0.0
2544.0,0.0,0.0,0.0
5682.0,0.0,0.0,0.0
1564.0,0.0,0.0,0.0
13101.0,0.0,0.0,0.0
5239.0,0.0,0.0,0.0
1568.0,0.0,0.0,0.0
2796.0,0.0,0.0,0.0
2785.0,0.0,0.0,0.0
4936.0,0.0,0.0,0.0
3686.0,0.0,0.0,0.0
2078.0,0.0,0.0,0.0
3323.0,0.0,0.0,0.0
4645.0,0.0,0.0,0.0
4979.0,0.0,0.0,0.0
1577.0,0.0,0.0,0.0
2314.0,0.0,0.0,0.0
4176.0,0.0,0.0,0.0
2143.0,0.0,0.0,0.0
11761.0,0.0,0.0,0.0
4403.0,0.0,0.0,0.0
2363.0,255.0,0.0,0.0
1716.0,0.0,0.0,0.0
4071.0,255.0,0.0,0.0
2878.0,0.0,0.0,0.0
2295.0,0.0,0.0,0.0
5302.0,0.0,0.0,0.0
14789.0,0.0,0.0,0.0
2734.0,0.0,0.0,0.0
889.0,0.0,0.0,0.0
5026.0,0.0,0.0,0.0
2257.0,0.0,0.0,0.0
11281.0,0.0,0.0,0.0
2420.0,0.0,0.0,0.0
3813.0,0.0,0.0,0.0
10931.0,0.0,0.0,0.0
4395.0,0.0,0.0,0.0
2324.0,0.0,0.0,0.0
3218.0,0.0,0.0,0.0
2841.0,0.0,0.0,0.0
1564.0,0.0,0.0,0.0
1940.0,0.0,0.0,0.0
6370.0,0.0,0.0,0.0
2004.0,0.0,0.0,0.0
4130.0,0.0,0.0,0.0
6006.0,255.0,0.0,0.0
1708.0,0.0,0.0,0.0
4602.0,0.0,0.0,0.0
1578.0,0.0,0.0,0.0
1564.0,0.0,0.0,0.0
2957.0,0.0,0.0,0.0
226.0,0.0,0.0,0.0
2413.0,0.0,0.0,0.0
865.0,0.0,0.0,0.0
1565.0,0.0,0.0,0.0
2099.0,0.0,0.0,0.0
2849.0,0.0,0.0,0.0
3690.0,0.0,0.0,0.0
1570.0,0.0,0.0,0.0
1572.0,0.0,0.0,0.0
5201.0,0.0,0.0,0.0
8360.0,0.0,0.0,0.0
889.0,0.0,0.0,0.0
2257.0,0.0,0.0,0.0
10636.0,0.0,0.0,0.0
5971.0,0.0,0.0,0.0
1571.0,0.0,0.0,0.0
8729.0,0.0,0.0,0.0
2377.0,0.0,0.0,0.0
4810.0,0.0,0.0,0.0
4598.0,255.0,0.0,0.0
4336.0,0.0,0.0,0.0
2932.0,0.0,0.0,0.0
1562.0,0.0,0.0,0.0
861.0,255.0,0.0,0.0
2803.0,0.0,0.0,0.0
1726.0,0.0,0.0,0.0
8553.0,0.0,0.0,0.0
10153.0,0.0,0.0,0.0
5279.0,0.0,0.0,0.0
1851.0,0.0,0.0,0.0
3436.0,255.0,0.0,0.0
696.0,0.0,0.0,0.0
3646.0,0.0,0.0,0.0
3144.0,0.0,0.0,0.0
2848.0,0.0,0.0,0.0
2983.0,0.0,0.0,0.0
5157.0,0.0,0.0,0.0
860.0,0.0,0.0,0.0
7984.0,0.0,0.0,0.0
1870.0,0.0,0.0,0.0
868.0,0.0,0.0,0.0
5260.0,0.0,0.0,0.0
1571.0,0.0,0.0,0.0
861.0,0.0,0.0,0.0
1635.0,0.0,0.0,0.0
9018.0,0.0,0.0,0.0
1566.0,0.0,0.0,0.0
2533.0,0.0,0.0,0.0
3085.0,0.0,0.0,0.0
10619.0,0.0,0.0,0.0
3102.0,0.0,0.0,0.0
52.0,0.0,0.0,0.0
1637.0,0.0,0.0,0.0
1589.0,0.0,0.0,0.0
1589.0,0.0,0.0,0.0
5098.0,0.0,0.0,0.0
3963.0,0.0,0.0,0.0
2953.0,0.0,0.0,0.0
1958.0,0.0,0.0,0.0
1537.0,0.0,0.0,0.0
2071.0,0.0,0.0,0.0
2508.0,0.0,0.0,0.0
3638.0,0.0,0.0,0.0
2295.0,0.0,0.0,0.0
6525.0,0.0,0.0,0.0
11538.0,0.0,0.0,0.0
2566.0,0.0,0.0,0.0
4648.0,0.0,0.0,0.0
1572.0,0.0,0.0,0.0
4604.0,0.0,0.0,0.0
864.0,0.0,0.0,0.0
2583.0,0.0,0.0,0.0
1559.0,0.0,0.0,0.0
10167.0,0.0,0.0,0.0
889.0,0.0,0.0,0.0
1856.0,0.0,0.0,0.0
7425.0,0.0,0.0,0.0
3481.0,0.0,0.0,0.0
2871.0,0.0,0.0,0.0
4406.0,0.0,0.0,0.0
1820.0,0.0,0.0,0.0
3253.0,0.0,0.0,0.0
875.0,0.0,0.0,0.0
860.0,0.0,0.0,0.0
3465.0,0.0,0.0,0.0
2018.0,0.0,0.0,0.0
1092.0,0.0,0.0,0.0
10507.0,0.0,0.0,0.0
874.0,0.0,0.0,0.0
2210.0,0.0,0.0,0.0
2324.0,0.0,0.0,0.0
1566.0,0.0,0.0,0.0
336.0,0.0,0.0,0.0
4842.0,0.0,0.0,0.0
1570.0,0.0,0.0,0.0
1564.0,0.0,0.0,0.0
1562.0,0.0,0.0,0.0
1562.0,0.0,0.0,0.0
1570.0,0.0,0.0,0.0
2139.0,0.0,0.0,0.0
3377.0,0.0,0.0,0.0
1874.0,0.0,0.0,0.0
1954.0,0.0,0.0,0.0
5195.0,0.0,0.0,0.0
3183.0,0.0,0.0,0.0
3984.0,0.0,0.0,0.0
3222.0,0.0,0.0,0.0
2262.0,255.0,0.0,0.0
1576.0,0.0,0.0,0.0
3065.0,0.0,0.0,0.0
4023.0,0.0,0.0,0.0
3435.0,0.0,0.0,0.0
3157.0,0.0,0.0,0.0
3352.0,0.0,0.0,0.0
23854.0,0.0,0.0,0.0
2058.0,0.0,0.0,0.0
1575.0,0.0,0.0,0.0
907.0,0.0,0.0,0.0
1563.0,0.0,0.0,0.0
3407.0,0.0,0.0,0.0
3786.0,0.0,0.0,0.0
2010.0,0.0,0.0,0.0
1868.0,0.0,0.0,0.0
2556.0,0.0,0.0,0.0
3799.0,0.0,0.0,0.0
4629.0,255.0,0.0,0.0
3173.0,0.0,0.0,0.0
4279.0,0.0,0.0,0.0
2027.0,0.0,0.0,0.0
4208.0,0.0,0.0,0.0
3591.0,0.0,0.0,0.0
4930.0,0.0,0.0,0.0
1869.0,0.0,0.0,0.0
2401.0,0.0,0.0,0.0
1117.0,0.0,0.0,0.0
4971.0,0.0,0.0,0.0
2538.0,0.0,0.0,0.0
9376.0,0.0,0.0,0.0
5034.0,0.0,0.0,0.0
9175.0,255.0,0.0,0.0
4416.0,0.0,0.0,0.0
3181.0,0.0,0.0,0.0
3487.0,0.0,0.0,0.0
2762.0,0.0,0.0,0.0
5069.0,0.0,0.0,0.0
2090.0,0.0,0.0,0.0
4207.0,0.0,0.0,0.0
2146.0,0.0,0.0,0.0
3727.0,0.0,0.0,0.0
3144.0,0.0,0.0,0.0
890.0,0.0,0.0,0.0
4648.0,0.0,0.0,0.0
4500.0,0.0,0.0,0.0
2437.0,0.0,0.0,0.0
1560.0,0.0,0.0,0.0
7233.0,0.0,0.0,0.0
1564.0,0.0,0.0,0.0
1571.0,0.0,0.0,0.0
3497.0,0.0,0.0,0.0
2014.0,0.0,0.0,0.0
3628.0,0.0,0.0,0.0
2136.0,0.0,0.0,0.0
4414.0,0.0,0.0,0.0
1577.0,0.0,0.0,0.0
2530.0,0.0,0.0,0.0
3151.0,0.0,0.0,0.0
4105.0,0.0,0.0,0.0
3398.0,0.0,0.0,0.0
3553.0,0.0,0.0,0.0
2980.0,0.0,0.0,0.0
9305.0,0.0,0.0,0.0
2310.0,0.0,0.0,0.0
2298.0,0.0,0.0,0.0
3068.0,0.0,0.0,0.0
1945.0,0.0,0.0,0.0
3400.0,0.0,0.0,0.0
2968.0,0.0,0.0,0.0
890.0,0.0,0.0,0.0
1577.0,0.0,0.0,0.0
3014.0,0.0,0.0,0.0
3827.0,0.0,0.0,0.0
3500.0,0.0,0.0,0.0
3016.0,0.0,0.0,0.0
2326.0,0.0,0.0,0.0
1888.0,0.0,0.0,0.0
2415.0,0.0,0.0,0.0
1850.0,0.0,0.0,0.0
2927.0,0.0,0.0,0.0
6558.0,0.0,0.0,0.0
1571.0,0.0,0.0,0.0
1718.0,0.0,0.0,0.0
9959.0,0.0,0.0,0.0
2205.0,0.0,0.0,0.0
2939.0,0.0,0.0,0.0
2743.0,0.0,0.0,0.0
3232.0,0.0,0.0,0.0
2774.0,0.0,0.0,0.0
1560.0,0.0,0.0,0.0
2198.0,0.0,0.0,0.0
1941.0,0.0,0.0,0.0
1867.0,0.0,0.0,0.0
5152.0,0.0,0.0,0.0
2437.0,0.0,0.0,0.0
3667.0,0.0,0.0,0.0
3700.0,0.0,0.0,0.0
3994.0,0.0,0.0,0.0
2802.0,0.0,0.0,0.0
1555.0,0.0,0.0,0.0
8346.0,0.0,0.0,0.0
5640.0,0.0,0.0,0.0
1576.0,0.0,0.0,0.0
2588.0,0.0,0.0,0.0
1716.0,0.0,0.0,0.0
7485.0,0.0,0.0,0.0
7415.0,0.0,0.0,0.0
1871.0,0.0,0.0,0.0
4403.0,0.0,0.0,0.0
1870.0,0.0,0.0,0.0
11782.0,0.0,0.0,0.0
2016.0,0.0,0.0,0.0
1865.0,0.0,0.0,0.0
1624.0,0.0,0.0,0.0
2482.0,0.0,0.0,0.0
2184.0,0.0,0.0,0.0
3474.0,0.0,0.0,0.0
1551.0,0.0,0.0,0.0
2559.0,0.0,0.0,0.0
3195.0,0.0,0.0,0.0
2867.0,0.0,0.0,0.0
1887.0,0.0,0.0,0.0
64.0,0.0,0.0,0.0
3459.0,0.0,0.0,0.0
3335.0,0.0,0.0,0.0
10381.0,0.0,0.0,0.0
1564.0,0.0,0.0,0.0
2731.0,0.0,0.0,0.0
4527.0,0.0,0.0,0.0
2410.0,0.0,0.0,0.0
2429.0,0.0,0.0,0.0
4188.0,0.0,0.0,0.0
892.0,0.0,0.0,0.0
1570.0,0.0,0.0,0.0
2137.0,0.0,0.0,0.0
3149.0,0.0,0.0,0.0
2138.0,255.0,0.0,0.0
10514.0,255.0,0.0,0.0
861.0,0.0,0.0,0.0
4065.0,0.0,0.0,0.0
2636.0,0.0,0.0,0.0
3646.0,0.0,0.0,0.0
6077.0,255.0,0.0,0.0
2896.0,0.0,0.0,0.0
4741.0,0.0,0.0,0.0
3801.0,0.0,0.0,0.0
1865.0,0.0,0.0,0.0
3150.0,0.0,0.0,0.0
5663.0,0.0,0.0,0.0
9816.0,0.0,0.0,0.0
3116.0,0.0,0.0,0.0
3115.0,0.0,0.0,0.0
3235.0,0.0,0.0,0.0
1570.0,0.0,0.0,0.0
1571.0,0.0,0.0,0.0
2909.0,0.0,0.0,0.0
1856.0,255.0,0.0,0.0
20688.0,0.0,0.0,0.0
2714.0,255.0,0.0,0.0
1257.0,0.0,0.0,0.0
1552.0,0.0,0.0,0.0
6502.0,0.0,0.0,0.0
867.0,0.0,0.0,0.0
2138.0,0.0,0.0,0.0
4246.0,0.0,0.0,0.0
25.0,0.0,0.0,0.0
3324.0,0.0,0.0,0.0
3883.0,0.0,0.0,0.0
5248.0,0.0,0.0,0.0
890.0,0.0,0.0,0.0
1879.0,0.0,0.0,0.0
4628.0,0.0,0.0,0.0
4533.0,0.0,0.0,0.0
3058.0,0.0,0.0,0.0
2684.0,0.0,0.0,0.0
2732.0,0.0,0.0,0.0
4115.0,0.0,0.0,0.0
1876.0,0.0,0.0,0.0
2941.0,0.0,0.0,0.0
3061.0,0.0,0.0,0.0
3400.0,0.0,0.0,0.0
7831.0,0.0,0.0,0.0
3749.0,0.0,0.0,0.0
5567.0,0.0,0.0,0.0
3247.0,0.0,0.0,0.0
7558.0,0.0,0.0,0.0
2060.0,0.0,0.0,0.0
2743.0,0.0,0.0,0.0
2374.0,0.0,0.0,0.0
5826.0,0.0,0.0,0.0
2919.0,0.0,0.0,0.0
2789.0,0.0,0.0,0.0
882.0,0.0,0.0,0.0
2622.0,0.0,0.0,0.0
2047.0,0.0,0.0,0.0
9261.0,0.0,0.0,0.0
1952.0,0.0,0.0,0.0
861.0,0.0,0.0,0.0
8925.0,0.0,0.0,0.0
2592.0,0.0,0.0,0.0
3257.0,0.0,0.0,0.0
1562.0,0.0,0.0,0.0
3958.0,0.0,0.0,0.0
1562.0,0.0,0.0,0.0
2453.0,0.0,0.0,0.0
1487.0,0.0,0.0,0.0
1562.0,0.0,0.0,0.0
1705.0,0.0,0.0,0.0
4270.0,0.0,0.0,0.0
5260.0,255.0,0.0,0.0
3658.0,0.0,0.0,0.0
3357.0,0.0,0.0,0.0
2306.0,0.0,0.0,0.0
5.0,0.0,0.0,0.0
3030.0,255.0,0.0,0.0
1870.0,0.0,0.0,0.0
2012.0,0.0,0.0,0.0
1944.0,0.0,0.0,0.0
979.0,0.0,0.0,0.0
3028.0,0.0,0.0,0.0
479.0,0.0,0.0,0.0
1868.0,0.0,0.0,0.0
2999.0,0.0,0.0,0.0
3978.0,0.0,0.0,0.0
3692.0,0.0,0.0,0.0
3143.0,0.0,0.0,0.0
4256.0,0.0,0.0,0.0
500.0,0.0,0.0,0.0
6639.0,0.0,0.0,0.0
2053.0,0.0,0.0,0.0
6482.0,0.0,0.0,0.0
9928.0,0.0,0.0,0.0
4084.0,0.0,0.0,0.0
1589.0,0.0,0.0,0.0
1788.0,0.0,0.0,0.0
3262.0,0.0,0.0,0.0
2156.0,0.0,0.0,0.0
4306.0,0.0,0.0,0.0
3625.0,0.0,0.0,0.0
5530.0,0.0,0.0,0.0
2403.0,0.0,0.0,0.0
7802.0,0.0,0.0,0.0
3154.0,0.0,0.0,0.0
6965.0,0.0,0.0,0.0
3710.0,0.0,0.0,0.0
998.0,0.0,0.0,0.0
1202.0,0.0,0.0,0.0
5982.0,0.0,0.0,0.0
3039.0,0.0,0.0,0.0
2365.0,0.0,0.0,0.0
2699.0,0.0,0.0,0.0
2626.0,0.0,0.0,0.0
4104.0,0.0,0.0,0.0
2580.0,0.0,0.0,0.0
3636.0,0.0,0.0,0.0
4692.0,0.0,0.0,0.0
1561.0,0.0,0.0,0.0
1633.0,0.0,0.0,0.0
1551.0,0.0,0.0,0.0
2590.0,0.0,0.0,0.0
1589.0,0.0,0.0,0.0
2536.0,0.0,0.0,0.0
1589.0,0.0,0.0,0.0
2130.0,0.0,0.0,0.0
7129.0,0.0,0.0,0.0
3095.0,0.0,0.0,0.0
8842.0,0.0,0.0,0.0
2282.0,0.0,0.0,0.0
3129.0,0.0,0.0,0.0
5083.0,0.0,0.0,0.0
3967.0,0.0,0.0,0.0
1964.0,0.0,0.0,0.0
1572.0,0.0,0.0,0.0
3199.0,0.0,0.0,0.0
6489.0,0.0,0.0,0.0
2825.0,0.0,0.0,0.0
9204.0,0.0,0.0,0.0
1568.0,0.0,0.0,0.0
4006.0,0.0,0.0,0.0
5385.0,0.0,0.0,0.0
3183.0,0.0,0.0,0.0
2680.0,0.0,0.0,0.0
8284.0,0.0,0.0,0.0
1631.0,0.0,0.0,0.0
1091.0,0.0,0.0,0.0
2277.0,0.0,0.0,0.0
1633.0,0.0,0.0,0.0
3236.0,0.0,0.0,0.0
875.0,0.0,0.0,0.0
2354.0,0.0,0.0,0.0
3822.0,0.0,0.0,0.0
1564.0,0.0,0.0,0.0
3517.0,0.0,0.0,0.0
890.0,0.0,0.0,0.0
12115.0,0.0,0.0,0.0
2306.0,0.0,0.0,0.0
5727.0,0.0,0.0,0.0
4868.0,0.0,0.0,0.0
2943.0,0.0,0.0,0.0
2426.0,0.0,0.0,0.0
3988.0,0.0,0.0,0.0
2374.0,0.0,0.0,0.0
5271.0,0.0,0.0,0.0
4864.0,0.0,0.0,0.0
2131.0,0.0,0.0,0.0
3122.0,0.0,0.0,0.0
2548.0,0.0,0.0,0.0
6114.0,0.0,0.0,0.0
864.0,0.0,0.0,0.0
3919.0,0.0,0.0,0.0
5151.0,0.0,0.0,0.0
3307.0,0.0,0.0,0.0
4010.0,0.0,0.0,0.0
1562.0,0.0,0.0,0.0
3156.0,0.0,0.0,0.0
5771.0,0.0,0.0,0.0
7729.0,0.0,0.0,0.0
5188.0,0.0,0.0,0.0
9381.0,0.0,0.0,0.0
10655.0,0.0,0.0,0.0
1637.0,0.0,0.0,0.0
1577.0,0.0,0.0,0.0
6132.0,0.0,0.0,0.0
2128.0,0.0,0.0,0.0
4322.0,0.0,0.0,0.0
2961.0,0.0,0.0,0.0
2473.0,0.0,0.0,0.0
2279.0,0.0,0.0,0.0
3914.0,0.0,0.0,0.0
1869.0,0.0,0.0,0.0
862.0,0.0,0.0,0.0
2434.0,0.0,0.0,0.0
149.0,0.0,0.0,0.0
17880.0,0.0,0.0,0.0
2218.0,0.0,0.0,0.0
3590.0,0.0,0.0,0.0
2553.0,0.0,0.0,0.0
